id;street_address;postal_code;city;state_province
1;Secured productize;3491;Lake Kaleb;payment olive Ghana
2;Pants;43326;Millsland;back-end green virtual
3;e-enable feed;84403;Wilfredland;Forward Sports Falkland Islands (Malvinas)
4;Gold index;33828;Desireefort;tangible e-markets Bike
5;Representative Car Granite;27617;Gibsontown;Savings Account pink Steel
6;COM Concrete sky blue;66045;Ruthefort;SDD
7;European Unit of Account 17(E.U.A.-17) auxiliary parsing;76535;Karlshire;Plastic Small Soft Pizza
8;extend Fully-configurable e-services;48604;Legrosstad;Business-focused
9;RAM Money Market Account;96594;Adeliamouth;solutions
10;invoice;97414;Lake Ubaldoborough;infomediaries Martinique turn-key
